"""Русские компьютеры 90-х"" 1-я серия - Красная сборка",http://www.youtube.com/watch?v=YY9ORN6MoOg
"Девятый эпизод, Мандалорец и Падший Орден - доколе?!",http://www.youtube.com/watch?v=35LjlfH97xA
Playstation 1 против Windows 98,http://www.youtube.com/watch?v=XbKaqwh-_yw
Интернет на Dendy ?!,http://www.youtube.com/watch?v=5PoxmAXXw2w
"Покупки из Японии, посылки от подписчиков - Ноябрь 2019",http://www.youtube.com/watch?v=w0oTVZ3gJjo
Asterix & Obelix XXL3 - История и новая игра,http://www.youtube.com/watch?v=tN4F4zVwTwE
Sega Game Gear - Детство Буржуя special,http://www.youtube.com/watch?v=9CFBijuA_9g
Игровое воплощение фантастики 60-х - The Outer Worlds,http://www.youtube.com/watch?v=FmZMNG4GKn0
Resident Evil с AliExpress - Deep Fear для Sega Saturn,http://www.youtube.com/watch?v=lH1Wa-m7MTM
Ждем взлом Mega Drive Mini и смотрим на Tower,http://www.youtube.com/watch?v=NOzlctywEzo
"Болванки дороже автомобиля: Saturn CD-R, RLV Laserdisc",http://www.youtube.com/watch?v=yB0Jor153dg
"Покупки в США, посылки от подписчиков - Октябрь 2019",http://www.youtube.com/watch?v=MICQmfEtvVI
Игровой сетап за 176 рублей,http://www.youtube.com/watch?v=Eok-jFfEmYs
Blizzard захватывает Nintendo Switch,http://www.youtube.com/watch?v=JmFhD1DsWE8
"Microsoft, Game Pass, Симуляторы ходьбы",http://www.youtube.com/watch?v=rz_ms7eITu8
Sega Saturn и пиратство - Пока Все Играют mini,http://www.youtube.com/watch?v=2mSl48jNCUA
"itpedia, где обзор Code Vein?!",http://www.youtube.com/watch?v=3KVOnf3qxQo
Игромир / Comic con Россия 2019,http://www.youtube.com/watch?v=uSFmgAGI9LY
Nintendo Switch Lite - честный обзор,http://www.youtube.com/watch?v=UzvwpNj6M24
Sega Mega Drive Mini - честный обзор,http://www.youtube.com/watch?v=De4r_lJCyq8
"Русские мультимедиа продукты - ПК 90х ""Детство Буржуя"" special",http://www.youtube.com/watch?v=Ke2WTFLmrCE
Playstation - Пиратские модули Video cd,http://www.youtube.com/watch?v=ea2GReXdr58
Музей Dendy в Эстонии,http://www.youtube.com/watch?v=K7_u_l2Ang4
Дискеты для Playstation и иные Memory Card,http://www.youtube.com/watch?v=i1Drj7KhcPg
Почему пиратство это хорошо?,http://www.youtube.com/watch?v=qZwUpTsZdu8
Man of Medan - первый взгляд,http://www.youtube.com/watch?v=nYzgn8AhwNc
"Модем, bbs, dial-up интернет в 90-х ""Детство буржуя"" 9я серия",http://www.youtube.com/watch?v=pog0I83x4Tw
Control - поиграл в полную версию. Обзор.,http://www.youtube.com/watch?v=Xbtoy7zTniY
Как делают игры в Remedy - экскурсия по студии,http://www.youtube.com/watch?v=l6gHR9mm4xk
"Учат в школе - Информатика #3 / Асса, Cluster, Бейсовский",http://www.youtube.com/watch?v=Ev_WZD4oAsU
"""Русские компьютеры 90-х"" 1-я серия - Красная сборка",http://www.youtube.com/watch?v=YY9ORN6MoOg
"Девятый эпизод, Мандалорец и Падший Орден - доколе?!",http://www.youtube.com/watch?v=35LjlfH97xA
Playstation 1 против Windows 98,http://www.youtube.com/watch?v=XbKaqwh-_yw
Интернет на Dendy ?!,http://www.youtube.com/watch?v=5PoxmAXXw2w
"Покупки из Японии, посылки от подписчиков - Ноябрь 2019",http://www.youtube.com/watch?v=w0oTVZ3gJjo
Asterix & Obelix XXL3 - История и новая игра,http://www.youtube.com/watch?v=tN4F4zVwTwE
Sega Game Gear - Детство Буржуя special,http://www.youtube.com/watch?v=9CFBijuA_9g
Игровое воплощение фантастики 60-х - The Outer Worlds,http://www.youtube.com/watch?v=FmZMNG4GKn0
Resident Evil с AliExpress - Deep Fear для Sega Saturn,http://www.youtube.com/watch?v=lH1Wa-m7MTM
Ждем взлом Mega Drive Mini и смотрим на Tower,http://www.youtube.com/watch?v=NOzlctywEzo
"Болванки дороже автомобиля: Saturn CD-R, RLV Laserdisc",http://www.youtube.com/watch?v=yB0Jor153dg
"Покупки в США, посылки от подписчиков - Октябрь 2019",http://www.youtube.com/watch?v=MICQmfEtvVI
Игровой сетап за 176 рублей,http://www.youtube.com/watch?v=Eok-jFfEmYs
Blizzard захватывает Nintendo Switch,http://www.youtube.com/watch?v=JmFhD1DsWE8
"Microsoft, Game Pass, Симуляторы ходьбы",http://www.youtube.com/watch?v=rz_ms7eITu8
Sega Saturn и пиратство - Пока Все Играют mini,http://www.youtube.com/watch?v=2mSl48jNCUA
"itpedia, где обзор Code Vein?!",http://www.youtube.com/watch?v=3KVOnf3qxQo
Игромир / Comic con Россия 2019,http://www.youtube.com/watch?v=uSFmgAGI9LY
Nintendo Switch Lite - честный обзор,http://www.youtube.com/watch?v=UzvwpNj6M24
Sega Mega Drive Mini - честный обзор,http://www.youtube.com/watch?v=De4r_lJCyq8
"Русские мультимедиа продукты - ПК 90х ""Детство Буржуя"" special",http://www.youtube.com/watch?v=Ke2WTFLmrCE
Playstation - Пиратские модули Video cd,http://www.youtube.com/watch?v=ea2GReXdr58
Музей Dendy в Эстонии,http://www.youtube.com/watch?v=K7_u_l2Ang4
Дискеты для Playstation и иные Memory Card,http://www.youtube.com/watch?v=i1Drj7KhcPg
Почему пиратство это хорошо?,http://www.youtube.com/watch?v=qZwUpTsZdu8
Man of Medan - первый взгляд,http://www.youtube.com/watch?v=nYzgn8AhwNc
"Модем, bbs, dial-up интернет в 90-х ""Детство буржуя"" 9я серия",http://www.youtube.com/watch?v=pog0I83x4Tw
Control - поиграл в полную версию. Обзор.,http://www.youtube.com/watch?v=Xbtoy7zTniY
Как делают игры в Remedy - экскурсия по студии,http://www.youtube.com/watch?v=l6gHR9mm4xk
"Учат в школе - Информатика #3 / Асса, Cluster, Бейсовский",http://www.youtube.com/watch?v=Ev_WZD4oAsU
Почта России кидает на деньги - Покупки в США и подарки от подписчиков / июль 2019,http://www.youtube.com/watch?v=LBWTrhBMKek
Лютый софт из 90-х - Expert Will для MS-DOS,http://www.youtube.com/watch?v=HfRqZrFAVZo
Турецкая игровая пресса - как у нас в 90-е,http://www.youtube.com/watch?v=BzBy-dOdhLw
"Учат в школе - Информатика #2 / Newbilius, Русяев, DF",http://www.youtube.com/watch?v=jb443U2GrWA
Единственное физическое издание ATOM RPG,http://www.youtube.com/watch?v=OCwhdbx0SaQ
Как появился эмулятор Playstation 1,http://www.youtube.com/watch?v=5hD5Vf7vDNI
World of Tanks для аутистов - Girls und Panzer,http://www.youtube.com/watch?v=zGNVpI1rEJ0
The Sinking City - Честный обзор,http://www.youtube.com/watch?v=HYKCa98a35Q
"Учат в школе - Информатика #1 / Бачило, Major, ClubShit",http://www.youtube.com/watch?v=EPYl4yT8Ys0
Самая дорогая игра в моей коллекции. Была...,http://www.youtube.com/watch?v=3SOXOp5T_hY
Кинаман отказался комментировать Battletoads 2019,http://www.youtube.com/watch?v=CY5EGBHqYWU
Как появился эмулятор Денди,http://www.youtube.com/watch?v=_aWf3Pga4vo
Сделано пиратами: Playstation 1 в России,http://www.youtube.com/watch?v=1qEOGzE_-6M
Почему меняют названия игр?,http://www.youtube.com/watch?v=sVbY9i0lehs
"Покупки в США, посылки от подписчиков - Май 2019",http://www.youtube.com/watch?v=vZH7-0yYXKQ
Warcraft Adventures - он вам не Reforged,http://www.youtube.com/watch?v=jRZzbhU7x6U
Aliexpress и PSP в 2019-м,http://www.youtube.com/watch?v=w3fGzMUJtRE
Кем я только не работал - последняя серия,http://www.youtube.com/watch?v=DbKsjEstpiQ
История пинболла и самые необычные экспонаты музея в Москве,http://www.youtube.com/watch?v=26SCpkL_NE4
Жадная Nintendo и Commodore 64,http://www.youtube.com/watch?v=Q98IXTsgSyQ
Честный обзор Days Gone / Жизнь После,http://www.youtube.com/watch?v=zggzabkVnck
"Пиратство и игры на ipad - Cydia, Installous, Grand Chase",http://www.youtube.com/watch?v=XLLKaoCgMA8
Кем я только не работал - седьмая серия. Завод.,http://www.youtube.com/watch?v=MyPTqUaD98U
Самое дорогое издание Diablo 2,http://www.youtube.com/watch?v=Oec58QpnoS4
"Дарю Arcanum для PC: посылки от подписчиков, покупки в США - Апрель 2019",http://www.youtube.com/watch?v=p-mHZhRnzKE
Кем я только не работал - шестая серия,http://www.youtube.com/watch?v=QqIZZkTzc5I
Amiga 500 и Постапокалипсис Burntime,http://www.youtube.com/watch?v=ugEKrh-kEoY
Русские в Японии - Большая погоня за играми,http://www.youtube.com/watch?v=SnXyW9kJ2rg
Кем я только не работал - пятая серия,http://www.youtube.com/watch?v=5D97zhNjEkc
"itpedia, что ты несешь про Sekiro?!",http://www.youtube.com/watch?v=U7Dh5k7dBHE
Кем я только не работал - четвертая серия,http://www.youtube.com/watch?v=z7RQ1vwOcsU
Лошадь Гоночной 2016 - Хиты Playstation,http://www.youtube.com/watch?v=rnO_cubsRGM
Кем я только не работал - третья серия,http://www.youtube.com/watch?v=K5wpIOuHmBU
"386-й ЧАСТЬ 2 ""Ностальгия"" ПК 90х ""Детство буржуя"" 8я серия",http://www.youtube.com/watch?v=pBMqqbH-GSQ
Кем я только не работал - вторая серия,http://www.youtube.com/watch?v=LlZRvGPGCPI
"Много Big Box изданий: подарки от подписчиков, покупки в США - Март 2019",http://www.youtube.com/watch?v=z5DVdfxbBzM
Кем я только не работал - первая серия,http://www.youtube.com/watch?v=S_gMXNYT4_M
"Ай как просто, Pixel_Devil, Бейсовский - Японский Fix-Price",http://www.youtube.com/watch?v=zgLAXj0RzyQ
Честный обзор Metro Exodus,http://www.youtube.com/watch?v=YX184-izRIQ
Квест из 90-х Blue Force обзор,http://www.youtube.com/watch?v=sr6EcAiWq_M
"Прототип Resident Evil 2 от Синдзи Миками: подарки от подписчиков, покупки в США - Февраль 2019",http://www.youtube.com/watch?v=82SgtspQ3yo
Лучший эмулятор для Playstation classic,http://www.youtube.com/watch?v=Yg2kYGDsxCg
Всё о Resident Evil 2 Remake,http://www.youtube.com/watch?v=8FVSMziNAnc
MP3 плеер за 100 рублей,http://www.youtube.com/watch?v=f0GaD3Fw18E
"MS-DOS ноутбук без Floppy ПК 90х ""Детство буржуя""",http://www.youtube.com/watch?v=qUGIp_tsNa0
Самое дорогое издание Resident Evil 2,http://www.youtube.com/watch?v=dwo18bBytIk
"Хоббит, Оптимисстер, Кроп - Японский Fix Price",http://www.youtube.com/watch?v=4Ujjfqg3QDk
"Все, что известно о Mortal Kombat 11 / презентация в России",http://www.youtube.com/watch?v=hz5quWowhYM
"Fallout, который мы заслужили! ATOM RPG",http://www.youtube.com/watch?v=KKAm0V8s3tk
3DMark - Технологии будущего глазами нулевых,http://www.youtube.com/watch?v=P8Ez2DcrJF4
"""Детство буржуя"" Комп 90-х Лучший игровой ноутбук",http://www.youtube.com/watch?v=jN9k-n9Wabw
Новые игры и жизнь PlayStation Classic,http://www.youtube.com/watch?v=uROKf8fp610
"Как на денди, только лучше! Monster Boy обзор",http://www.youtube.com/watch?v=c-b8xiECSR4
Взлом и смерть PlayStation Classic,http://www.youtube.com/watch?v=uOBiiQWMUsc
Пиратский Game Boy mini не от Nintendo,http://www.youtube.com/watch?v=wvAWvHYiW6E
Музей Studio Ghibli / Хаяо Миядзаки,http://www.youtube.com/watch?v=_lwYz0nOzik
"Железо для ПК, Playstation, Saturn: подарки от подписчиков, покупки в США - Ноябрь 2018",http://www.youtube.com/watch?v=XeN26dmtnrM
Харассмент по-японски /  Valkyria Chronicles 4,http://www.youtube.com/watch?v=GmoBD7G2hH8
"Записки барахольщика - Сеул, Южная Корея",http://www.youtube.com/watch?v=js3W84_fmyU
MSX2 / КУВТ2 Старые проблемы и новые игры,http://www.youtube.com/watch?v=pmUIPZNhfFg
Doom на движке Quake - классика 90-х!,http://www.youtube.com/watch?v=Cr5a1z8TVYs
"386-й ""Ностальгия"" ПК 90х ""Детство буржуя"" 7я серия",http://www.youtube.com/watch?v=jGQcxsHbBtk
Эпоха выставок и демо версий (прошла?) / Игромир 2018,http://www.youtube.com/watch?v=d77qX4yv4bM
"Sekiro - Dark Souls 4, или Nioh 2?",http://www.youtube.com/watch?v=z56a47-TYAI
Королевство в СОВКЕ - Formula 1 2018 / Мнение дилетанта,http://www.youtube.com/watch?v=qGYZ4ChaOH0
Лишь тень былой Ларисы? Shadow of the Tomb Raider,http://www.youtube.com/watch?v=bLl6D347juk
Dragon Quest XI обзор игры и коллекционного издания,http://www.youtube.com/watch?v=-spikT3-Mlc
В 90-х было лучше? #ЗабытыеМультикиДетства,http://www.youtube.com/watch?v=OuahMNFKIxU
"Mega Game, GBXSP 2018, подарки от подписчиков, покупки в США - Сентябрь 2018",http://www.youtube.com/watch?v=uBAPBkwwhiM
Самое дорогое издание Dark Souls,http://www.youtube.com/watch?v=AQ35cuSfBWs
Человек Паук 2018 / Marvel Spider-Man / Playstation 4 ОБЗОР,http://www.youtube.com/watch?v=gPdIDhUy3ZA
Старые игры на macOS X часть вторая,http://www.youtube.com/watch?v=ozU33uGSI8A
"Китайский клон сериала ""Друзья"" - iPartment",http://www.youtube.com/watch?v=1KdvgBLVLX8
Старые игры на macOS X часть первая,http://www.youtube.com/watch?v=QgQkKBjNKB8
Графод**черам посвящается Octopath Traveler,http://www.youtube.com/watch?v=JzqrCnYwGts
GTA в России! / MTA Province 2.0,http://www.youtube.com/watch?v=TU554SZpJBs
Дикие цены в Nintendo EShop,http://www.youtube.com/watch?v=gaukNET_NzI
Покупки в США и подарки от подписчиков / июль 2018,http://www.youtube.com/watch?v=9ur70KqxD4k
"MSX2 / КУВТ2 ПК 90х ""Детство буржуя"" 6я серия",http://www.youtube.com/watch?v=BAuKE83cjns
Обзор Life is Strange 2 - The Awesome Adventures of Captain Spirit,http://www.youtube.com/watch?v=0X3fgpKUl60
Сюжет Kingdom Hearts за 5 минут,http://www.youtube.com/watch?v=pr2gmBnZEIE
"Русские BIG BOX издания ПК 90х ""Детство буржуя"" Special",http://www.youtube.com/watch?v=azDuB729Qm8
Консоли лучше ПК инфа 100%,http://www.youtube.com/watch?v=uVCR_jPCr5g
Привет 90-е! Playstation на ПК,http://www.youtube.com/watch?v=tVu0-44qy-c
Картон за 5 косарей Nintendo Labo,http://www.youtube.com/watch?v=ZlMNDdZ24hk
СНОВА КУЧА БАРАХЛА! / Посылки от подписчиков и покупки в США,http://www.youtube.com/watch?v=Z7md_tVkD18
Китайские мультики про девочек волшебниц / Little Witch Academia PS4 обзор,http://www.youtube.com/watch?v=M1EraPJm12A
"Опять говно? Detroit ""Стать Человеком"" / обзор без спойлеров",http://www.youtube.com/watch?v=MNSzpE-_m9s
"The Sims ПК 90х ""Детство буржуя"" 5я серия",http://www.youtube.com/watch?v=w9J1165P73A
Новосибирск / PopCorn 2018,http://www.youtube.com/watch?v=gAUfV7Db39Y
Халявные игры для Playstation 4 без взлома!,http://www.youtube.com/watch?v=fRrXfmjOc1k
God of War 2018 БЕЗ СПОЙЛЕРОВ! / Обзор,http://www.youtube.com/watch?v=zLf3-dJtBAw
"Золотой софт ПК 90х ""Детство буржуя"" 4я серия",http://www.youtube.com/watch?v=lyFtu7IjyJk
Почем детство с AliExpress?,http://www.youtube.com/watch?v=OtdpYnenXn8
"Как Марио, но розовый / Kirby Star Allies обзор",http://www.youtube.com/watch?v=R-SgU9viPVk
"Боссы, рвущие *опу #СложныеУблюдки",http://www.youtube.com/watch?v=aITjaoFPh2o
Steam для богатых / Дно Nintendo eshop,http://www.youtube.com/watch?v=6tEW3EfrE_o
Дюк Нюкем 2018-го / Duke Nukem 2018,http://www.youtube.com/watch?v=vDJ7k87_uAU
"Большая распаковка! / Play-Asia, Amazon, Ebay, GearZ, посылки от подписчиков",http://www.youtube.com/watch?v=xcV5okhKml0
Нью-Йорк - город контрастов / В погоне за играми США,http://www.youtube.com/watch?v=x5z5oQse3po
Классика с Super Nintendo / Secret of Mana 2018 обзор,http://www.youtube.com/watch?v=8NTtWvI49Xg
Новые игры сливают бесплатно! / Срочно в номер,http://www.youtube.com/watch?v=-Nmxxq16B6g
Dragon Ball FighterZ обзор / Юра знает,http://www.youtube.com/watch?v=njO8oDANtes
Новые трансформеры! / Transformers Studio Series Collection,http://www.youtube.com/watch?v=Xnofrs9YRuQ
"3DFX ПК 90х ""Детство буржуя"" 3я серия",http://www.youtube.com/watch?v=mUwPAqiSDk0
Японский Overwatch? / Final Fantasy Dissidia NT обзор,http://www.youtube.com/watch?v=3kSjm7SH9bc
Первые настоящие гонки для Nintendo Switch / Gear Club Unlimited,http://www.youtube.com/watch?v=EcLIMN5JPkE
Потерянный квест из детства - Thimbleweed Park,http://www.youtube.com/watch?v=nrSut9LxJjc
Самая легкая и быстрая платина на Playstation,http://www.youtube.com/watch?v=qFr_DlIsTG8
Опять старье?! / Shadow of the Colossus PS4 2018,http://www.youtube.com/watch?v=H1HYxlJz4zk
Больше никаких огромных посылок из США!,http://www.youtube.com/watch?v=ki3bGu5Wp2s
Лучшая JRPG для Nintendo 3DS / Beyond the Labyrinth,http://www.youtube.com/watch?v=m9dh_ktPRt0
VERSUS: Денди против MS-DOS и Commodore Amiga,http://www.youtube.com/watch?v=u810I6U1jUU
Nintendo Switch. Новинки 2018,http://www.youtube.com/watch?v=xK2c4KYn9pg
"Word 97 ПК 90х ""Детство буржуя"" Новогодняя серия",http://www.youtube.com/watch?v=ntxmtJnayNc
Герои Marvel 3d. Официальная коллекция.,http://www.youtube.com/watch?v=5Y-80nXm4dQ
"Windows 98 ПК 90х ""Детство буржуя"" 2я серия",http://www.youtube.com/watch?v=6HQ8egjDEio
Final Fantasy Dissidia NT - Презентация и первый взгляд на игру,http://www.youtube.com/watch?v=HKmLD4lazok
"MS DOS ПК 90х ""Детство буржуя"" 1я серия",http://www.youtube.com/watch?v=f8yiUkzg86Y
"Вещи, разрушившие игровую индустрию - ""Любопытный факт""",http://www.youtube.com/watch?v=NSIqL-y6DJE
Клавиатура и мышь на Playstation 4 / Обзор Hori TAC 4,http://www.youtube.com/watch?v=zvY-KzimYKg
The Frozen Wilds - Обзор DLC к Horizon Zero Dawn,http://www.youtube.com/watch?v=wSLvlrBYY2U
"Мошенники и доверие на Amazon - ""Любопытный факт""",http://www.youtube.com/watch?v=-9YstsXp958
SNES mini - плохой эмулятор?,http://www.youtube.com/watch?v=eKeU1nCmKQ4
"Сколько зарабатывают разработчики игр? - ""Любопытный факт""",http://www.youtube.com/watch?v=GWd5tAjLXYU
Как правильно смотреть Stranger Things 2,http://www.youtube.com/watch?v=f3n6GH3aXnM
Возвращение Resident Evil? / Обзор Evil Within 2,http://www.youtube.com/watch?v=lNrLfv9LGF0
Записки барахольщика - Финляндия,http://www.youtube.com/watch?v=0Q9ho8W-s_g
Gran Turismo Sport - Презентация и первый взгляд.,http://www.youtube.com/watch?v=drqYLvQT3qo
"ШОК! 18+ Пинбол из Windows XP был всего лишь демкой! - ""Любопытный факт""",http://www.youtube.com/watch?v=4HnBEi5IkTM
"Ebay, Amazon, Discogs - бери, пока дают!",http://www.youtube.com/watch?v=yENo7sssvBw
Cuphead - сложная игра?,http://www.youtube.com/watch?v=KjD97-lNDzE
"Тайна секретных меню в играх - ""Любопытный факт""",http://www.youtube.com/watch?v=M38TMdZwNsk
Игромир и Comic Con Russia 2017,http://www.youtube.com/watch?v=05ZTZh7tQPk
Обзор SNES classic mini и китайский цирк на Ebay,http://www.youtube.com/watch?v=vJ8N9-cEDno
Веселая ферма моего детства 90х,http://www.youtube.com/watch?v=K-pXDbjOn_s
Русские в США - Гик автопробег / В погоне за играми,http://www.youtube.com/watch?v=l3wmN6_Lqfo
Как изнасиловать синего ежа по версии дилетанта / Sonic Mania,http://www.youtube.com/watch?v=yUrTq9F6Xbs
Клон Zelda на Nintendo. Это вообще законно?! (feat Jjar),http://www.youtube.com/watch?v=rl-TFROdud4
Uncharted: Утраченное наследие / The Lost Legacy - Обзор,http://www.youtube.com/watch?v=gd6RFU3FsWU
Самая сложная игра на Денди - Mega Man Legacy Collection 1 & 2,http://www.youtube.com/watch?v=YgpqWMU9c7c
Утиные Истории 2017 - Шедевр?,http://www.youtube.com/watch?v=5bbBjTOkOIo
New Nintendo 2DSXL - Честный обзор,http://www.youtube.com/watch?v=BQJLijDjRgw
Лучшее из ретро игр Wolfenstein 3d - #СовсемНеизвестныеИгры,http://www.youtube.com/watch?v=jF1of5JlbOU
"Толерастия головного мозга, или Доктор Кто - женщина врач",http://www.youtube.com/watch?v=oAPPxeaIvqY
Хакинтош - говно для нищебродов! / MorphOS на MacMini G4 - Пока все играют mini #2,http://www.youtube.com/watch?v=1zIwAc-uvgQ
Alfa Future People 2017 и Нижегородский магазин Денди,http://www.youtube.com/watch?v=Yq9duOpVyp8
Годнота из детства - Micro Machines World Series обзор / review,http://www.youtube.com/watch?v=l7Ol79ZvAWw
Valkyria Revolution - обзор / review,http://www.youtube.com/watch?v=Fx-i9jA-nY4
Крупнейший в мире музей аркадных автоматов / Funspot Largest Arcade in the World  NH USA 360,http://www.youtube.com/watch?v=2lh1Woxklkk
Эксклюзивы для Mac OS - Он вам не AVGN!,http://www.youtube.com/watch?v=qsd_KHREzus
Авторские права против игроков,http://www.youtube.com/watch?v=H_TV5ZjTndI
Назад в 80е - Wonder Boy - The Dragon's Trap,http://www.youtube.com/watch?v=BD_cx_uaveM
Безумная Япония - Bullet Hell,http://www.youtube.com/watch?v=Tbj-oHCyUlM
Какой нахер Dark Souls? - Nioh,http://www.youtube.com/watch?v=XRL4zJO9Ht8
Пока все играют mini - Игры для Amiga 500,http://www.youtube.com/watch?v=s4vW7GDAAOQ
Кидалы с ebay часть 4,http://www.youtube.com/watch?v=f5Z1Yyt8_5A
Nintendo Switch против Playstation 4 - Zelda Breath of the Wild и Horizon Zero Dawn,http://www.youtube.com/watch?v=UvIwLG34NoI
50000 подписчиков! Ответы на вопросы.,http://www.youtube.com/watch?v=1rMBc0hR7Kk
Лучшие гонки по версии Уютного подвальчика,http://www.youtube.com/watch?v=rkKBXFTcyTk
"4 куска за игры? Вы что, ох**ли?",http://www.youtube.com/watch?v=GaXybgQRARc
Resident Evil 7 - Возвращение легенды!,http://www.youtube.com/watch?v=_dQGMcg0lV0
Майор Гром - Little Big и Ленинград снимают лучше!,http://www.youtube.com/watch?v=kZY36voZD3g
Кидалы с ebay часть 3,http://www.youtube.com/watch?v=8PIN6apTOys
Денди 21 века? - Nintendo Switch,http://www.youtube.com/watch?v=PR5znFQz-w0
Старье для задротов? - #ЗабытыеИгрыДетства,http://www.youtube.com/watch?v=jHR5a1LWIn4
Кидалы с ebay часть 2,http://www.youtube.com/watch?v=XTn1g2x0T4I
Подарки подписчикам к новому году! С наступающим 2017м!,http://www.youtube.com/watch?v=rpZZXkwXA7Q
Игорь тонет - Моя консоль Nintendo Wii U,http://www.youtube.com/watch?v=xSMt8Jmc688
Кидалы с ebay,http://www.youtube.com/watch?v=iCqe6vMcawI
The Last Guardian - ИГРА ГОДА? Обзор,http://www.youtube.com/watch?v=zk3gMCEmewA
Moto Racer 4 - обзор на Русском,http://www.youtube.com/watch?v=3MHC6fWb_TM
World of Final Fantasy - обзор на Русском,http://www.youtube.com/watch?v=vpUA6Qejxts
Paper Mario Color Splash - обзор на Русском,http://www.youtube.com/watch?v=TMqUMI_40jg
Черепашки ниндзя Охотники за привидениями,http://www.youtube.com/watch?v=YBluczmXwJI
Как продать украденный iPhone? #ХРЕНБАРЫГАМ,http://www.youtube.com/watch?v=9cZ1aSvCJ4k
No Man's Sky - вы просто не умеете ее готовить!,http://www.youtube.com/watch?v=jWgVYBHeEAM
ТОП Охреневших барыг с Авито по версии подписчиков! #ХРЕНБАРЫГАМ,http://www.youtube.com/watch?v=coFcaSNJljg
Metroid Prime Federation Force - Мнение дилетанта,http://www.youtube.com/watch?v=p0pceIm22sk
King of Fighters XIV - Мнение дилетанта,http://www.youtube.com/watch?v=fUA4tIhUvvk
История виртуальной реальности. Playstation VR.,http://www.youtube.com/watch?v=UikJodWVRC4
"""Один день детства"". Презентация фильма Павла Kinaman'a Гринева в Москве.",http://www.youtube.com/watch?v=NeMsVFJEsMI
Star Ocean Integrity and Faithlessness - обзор.,http://www.youtube.com/watch?v=u0uWB6G8IrU
Пока все играют #4,http://www.youtube.com/watch?v=jH5olzVL19U
Deus Ex Mankind Divided - первые впечатления.,http://www.youtube.com/watch?v=N7QiomDh6JQ
Фальшивые бренды в кино и играх.,http://www.youtube.com/watch?v=BnDCmqGA7Z0
Geek Picnic 2016 и Московская конвенция комиксов - Сумбурный глаз,http://www.youtube.com/watch?v=LIeawngrm-A
Китайцы захватят мир?,http://www.youtube.com/watch?v=TSNResRghd4
Презентация Nintendo x Vans - Сумбурный глаз,http://www.youtube.com/watch?v=ddF5oTzgUsE
Барыги игровой прессы и Uncharted 4,http://www.youtube.com/watch?v=zIhn6dq3FdE
Верни мне мои 90е! Shadow of the Beast.,http://www.youtube.com/watch?v=pIDZPfOdRaU
Тетрис за два косаря!!! Puyo Puyo Tetris,http://www.youtube.com/watch?v=pxYmObptnY4
"Робозвери ""Технолог"", наши дни.",http://www.youtube.com/watch?v=WhGxnMu_5vI
Dirt Rally - ХИТ? Обзор PS4 версии.,http://www.youtube.com/watch?v=HxvELti7i2o
20 тысяч подписчиков! Ответы на вопросы.,http://www.youtube.com/watch?v=y_e9QkHXviM
Наглые кидалы с Авито,http://www.youtube.com/watch?v=uh8B_Bakw4U
"Доктор Кто, Звездные Войны, Дэдпул - Книжный свежачок #3",http://www.youtube.com/watch?v=7-2ao7_eDeM
Моя консоль - Playstation 3,http://www.youtube.com/watch?v=5Dp5QrWJ-5U
Презентация Need For Speed для PC. РОЗЫГРЫШ КЛЮЧЕЙ!,http://www.youtube.com/watch?v=whpfBZbHnI8
ТОП 5 Охреневших барыг с Авито,http://www.youtube.com/watch?v=EsbBeu-x4OA
Space Quest 4 - В гости к старичкам #3,http://www.youtube.com/watch?v=v0QaxkRsU78
Эволюция носителей информации и первая видеоигра в мире.,http://www.youtube.com/watch?v=J0N7gMIsfQA
СТОП ПИРАТ! Креативная защита от копирования.,http://www.youtube.com/watch?v=ecpsSnsPzIo
"Не позволяй ""коробочникам"" обманывать тебя!",http://www.youtube.com/watch?v=TQxKzhnjres
This War of Mine The Little Ones - обзор.,http://www.youtube.com/watch?v=sSkarfR9nkg
Full Throttle - В гости к старичкам #2,http://www.youtube.com/watch?v=5ZPfqFvN3GM
Доктор Кто в Lego Dimensions,http://www.youtube.com/watch?v=qH6LynZA5l0
"Подкаст о ""Пока все играют"" - ""Уютный батискафчик""",http://www.youtube.com/watch?v=nTJmRN8_DtE
13 КИЛОГРАММОВ ИГР! - Game pickups 2015,http://www.youtube.com/watch?v=3XhuYsz160w
Пока все играют: Новогодний,http://www.youtube.com/watch?v=TF5MFNzrfuM
10.000 подписчиков! Ответы на ваши вопросы!,http://www.youtube.com/watch?v=ZJrDjWKgj0U
Пока все играют ЭлБро Special,http://www.youtube.com/watch?v=LoaVmppjyn8
Трудности пиратства. Моя консоль - Nintendo Wii.,http://www.youtube.com/watch?v=1sBIesXAtYM
Geek guide to London - Гик гид по Лондону,http://www.youtube.com/watch?v=ZEkUKmJGnkw
"Самые дорогие ""игрушки"" 2",http://www.youtube.com/watch?v=BYw6x4jtr24
Dragon Quest Heroes - ХИТ? Обзор,http://www.youtube.com/watch?v=O4rwS1ElBjk
Презентация Guitar Hero Live в России.,http://www.youtube.com/watch?v=99XpTJN4kiw
Might & Magic Heroes VII - ХИТ?,http://www.youtube.com/watch?v=DOP5AdTo3K8
"Игры по сериалу ""Секретные материалы""",http://www.youtube.com/watch?v=xuPYl58WoVY
Выставка 30 лет Super Mario в Москве - Сумбурный глаз,http://www.youtube.com/watch?v=0VDtJKl71r8
Playstation Magazine Россия,http://www.youtube.com/watch?v=_Zkx4E95-tk
В погоне за играми #6 - Вена и Будапешт,http://www.youtube.com/watch?v=t2UHulg2rDs
Bad Cartridge Challenge,http://www.youtube.com/watch?v=WAuZ_4pXYuE
Делают ли еще хорошие игры?,http://www.youtube.com/watch?v=EUqnnz2gAxU
Arcade HRY - Музей аркадных автоматов в Чехии,http://www.youtube.com/watch?v=j2cMbeM78fQ
Пока все играют #3,http://www.youtube.com/watch?v=CjzFmpoUz18
GBX Summer Party 2015 - Сумбурный глаз,http://www.youtube.com/watch?v=7bQRgKgChhw
Обзор шахмат (перевод),http://www.youtube.com/watch?v=bfH95Q_qE6c
Доктор Кто - Механизмы войны,http://www.youtube.com/watch?v=oqZiWRTyqww
Почему игры стали плохими?,http://www.youtube.com/watch?v=6UOGKDR2RLI
Книжный свежачок #2,http://www.youtube.com/watch?v=gfRA0HGRTPU
Трансформеры и бестселлеры Голливуда - Привет из прошлого #3,http://www.youtube.com/watch?v=PRPKlM1cmUU
"День Видеоигр - ""Сумбурный глаз""",http://www.youtube.com/watch?v=sSEnknuKB2w
Videogames n stuff pickups Финляндия,http://www.youtube.com/watch?v=tgitSwS04Uo
Press X to win,http://www.youtube.com/watch?v=n9tx2nxkE5k
Книжный свежачок - Розыгрыш новинок!,http://www.youtube.com/watch?v=_U3VF8bhWQE
"В погоне за кухонными играми, в которые все играют",http://www.youtube.com/watch?v=yLRZj9umios
5000 подписчиков и ответы на вопросы!,http://www.youtube.com/watch?v=0npSbeua1iQ
"Стивен Кинг - ""Н"" и ""Темная Башня""",http://www.youtube.com/watch?v=YLr9WZ9-1Ac
Пока все играют #2,http://www.youtube.com/watch?v=nG-QznTyQKA
Доктор Кто - Приход Террафилов,http://www.youtube.com/watch?v=oVsJYFcXEMg
Моя Консоль - Nintendo GameCube,http://www.youtube.com/watch?v=bEHVaO6CbWE
Вселенная трансформеров,http://www.youtube.com/watch?v=fy4KvpYqkbA
Доктор Кто - Безмолвных звезд движение,http://www.youtube.com/watch?v=O62ueMSN_cg
Anooka G Bazaar - Сумбурный глаз,http://www.youtube.com/watch?v=hw9U_JpLl-I
Пока все играют #1,http://www.youtube.com/watch?v=gPSpk2gbAD4
Китай-бабай: Черепашки-Ниндзя,http://www.youtube.com/watch?v=JXg17v-TSug
Самые дорогие игрушки - Русская версия,http://www.youtube.com/watch?v=Lzc6Alu64uY
День открытых миров 2014 - Сумбурный глаз,http://www.youtube.com/watch?v=OSYqzhR3GfU
Alien Isolation и Evil Within - Поколения #2,http://www.youtube.com/watch?v=UHVdYDsfs1M
Retro Game Show 2014 - Сумбурный глаз,http://www.youtube.com/watch?v=gbt4mrc4sss
Resident Evil 0 (Zero) - В гости к старичкам,http://www.youtube.com/watch?v=Epe9FqkKQz8
"Самые дорогие ""игрушки""",http://www.youtube.com/watch?v=3pHxREppdpg
Lost Chapters? Manchester,http://www.youtube.com/watch?v=7u_vWhUNW2Q
Моя Консоль PSP,http://www.youtube.com/watch?v=9Wgh_cS054Y
В погоне за играми #5 Манчестер,http://www.youtube.com/watch?v=rPXfXS5zTqM
Доктор Кто - Сказания Трензалора,http://www.youtube.com/watch?v=0LL4PVZl-cc
Уютный подвальчик 4,http://www.youtube.com/watch?v=IyEM8qrHKuA
ALS ICE Bucket Challenge,http://www.youtube.com/watch?v=8iyToCoLoZs
Несколько слов о Destiny Beta,http://www.youtube.com/watch?v=LZJO9xaoVck
Сумбурный глаз: GBX Summer Party 2014,http://www.youtube.com/watch?v=S90cOcDaLIg
Моя Консоль - Dreamcast,http://www.youtube.com/watch?v=cLG3xNZ7L68
Уютный подвальчик: Поколения,http://www.youtube.com/watch?v=xt61deqGX4Q
Моя консоль: Денди,http://www.youtube.com/watch?v=G-3JI-HLzc4
В погоне за играми #3,http://www.youtube.com/watch?v=8tlsF8AISuU
Уютный диванчик: В комнате для сохранений,http://www.youtube.com/watch?v=BhPGE1bxjMY
В погоне за играми #2,http://www.youtube.com/watch?v=QixFN47IF0Q
Почему не работают пиратские диски.,http://www.youtube.com/watch?v=yVJYIuAF9hc
Уютный подвальчик #3,http://www.youtube.com/watch?v=gj8cJJCbAuw
В погоне за играми #1,http://www.youtube.com/watch?v=mEbuDHBjTxA
Video game pickups 2013,http://www.youtube.com/watch?v=dBxG4t2xcpU
Уютный подвальчик #2 Пиратские переводы,http://www.youtube.com/watch?v=uHSH0E0shw8
Уютный подвальчик #1,http://www.youtube.com/watch?v=eIQEtI2IDsk
